{
	"ambientocclusion": false,
	"textures": {
		"particle": "block/sugar_cane",
		"reeds": "block/sugar_cane",
		"cactus": "block/cactus_bottom"
	},
	"elements": [
		{
			"name": "cane",
			"from": [2, -3, 2],
			"to": [4, 13, 4],
			"shade": true,
			"faces": {
				"north": {"uv": [1, 0, 3, 16], "texture": "#reeds", "tintindex": 0},
				"east": {"uv": [1, 0, 3, 16], "texture": "#reeds", "tintindex": 0},
				"south": {"uv": [1, 0, 3, 16], "texture": "#reeds", "tintindex": 0},
				"west": {"uv": [1, 0, 3, 16], "texture": "#reeds", "tintindex": 0},
				"up": {"uv": [6, 6, 8, 8], "texture": "#cactus"}
			}
		},
		{
			"name": "cane",
			"from": [12, 0, 2],
			"to": [14, 16, 4],
			"shade": true,
			"rotation": {"angle": 0, "axis": "y", "origin": [8, 8, 9]},
			"faces": {
				"north": {"uv": [5, 0, 7, 16], "texture": "#reeds", "tintindex": 0},
				"east": {"uv": [5, 0, 7, 16], "texture": "#reeds", "tintindex": 0},
				"south": {"uv": [5, 0, 7, 16], "texture": "#reeds", "tintindex": 0},
				"west": {"uv": [5, 0, 7, 16], "texture": "#reeds", "tintindex": 0},
				"up": {"uv": [6, 6, 8, 8], "texture": "#cactus", "cullface": "up"}
			}
		},
		{
			"name": "cane",
			"from": [6, -5, 7],
			"to": [8, 11, 9],
			"shade": true,
			"faces": {
				"north": {"uv": [9, 0, 11, 16], "texture": "#reeds", "tintindex": 0},
				"east": {"uv": [9, 0, 11, 16], "texture": "#reeds", "tintindex": 0},
				"south": {"uv": [9, 0, 11, 16], "texture": "#reeds", "tintindex": 0},
				"west": {"uv": [9, 0, 11, 16], "texture": "#reeds", "tintindex": 0},
				"up": {"uv": [6, 6, 8, 8], "texture": "#cactus"}
			}
		},
		{
			"name": "cane",
			"from": [12, -2, 7],
			"to": [14, 14, 9],
			"shade": true,
			"rotation": {"angle": 0, "axis": "y", "origin": [7, 8, 8]},
			"faces": {
				"north": {"uv": [13, 0, 15, 16], "texture": "#reeds", "tintindex": 0},
				"east": {"uv": [13, 0, 15, 16], "texture": "#reeds", "tintindex": 0},
				"south": {"uv": [13, 0, 15, 16], "texture": "#reeds", "tintindex": 0},
				"west": {"uv": [13, 0, 15, 16], "texture": "#reeds", "tintindex": 0},
				"up": {"uv": [6, 6, 8, 8], "texture": "#cactus"}
			}
		},
		{
			"name": "cane",
			"from": [10, -1, 12],
			"to": [12, 15, 14],
			"shade": true,
			"faces": {
				"north": {"uv": [1, 0, 3, 16], "texture": "#reeds", "tintindex": 0},
				"east": {"uv": [1, 0, 3, 16], "texture": "#reeds", "tintindex": 0},
				"south": {"uv": [1, 0, 3, 16], "texture": "#reeds", "tintindex": 0},
				"west": {"uv": [1, 0, 3, 16], "texture": "#reeds", "tintindex": 0},
				"up": {"uv": [6, 6, 8, 8], "texture": "#cactus"}
			}
		},
		{
			"name": "cane",
			"from": [3, 0, 12],
			"to": [5, 16, 14],
			"shade": true,
			"rotation": {"angle": 0, "axis": "y", "origin": [4, 8, 13]},
			"faces": {
				"north": {"uv": [5, 0, 7, 16], "texture": "#reeds", "tintindex": 0},
				"east": {"uv": [5, 0, 7, 16], "texture": "#reeds", "tintindex": 0},
				"south": {"uv": [5, 0, 7, 16], "texture": "#reeds", "tintindex": 0},
				"west": {"uv": [5, 0, 7, 16], "texture": "#reeds", "tintindex": 0},
				"up": {"uv": [6, 6, 8, 8], "texture": "#cactus", "cullface": "up"}
			}
		},
		{
			"name": "leaves",
			"from": [3, -3, 1],
			"to": [3, 13, 5],
			"shade": true,
			"faces": {
				"north": {"uv": [1, 0, 3, 16], "texture": "#reeds", "tintindex": 0},
				"east": {"uv": [4, 0, 0, 16], "texture": "#reeds", "tintindex": 0},
				"south": {"uv": [1, 0, 3, 16], "texture": "#reeds", "tintindex": 0},
				"west": {"uv": [0, 0, 4, 16], "texture": "#reeds", "tintindex": 0},
				"up": {"uv": [6, 6, 8, 8], "texture": "#cactus"}
			}
		},
		{
			"name": "leaves",
			"from": [1, -3, 3],
			"to": [5, 13, 3],
			"shade": true,
			"rotation": {"angle": 0, "axis": "y", "origin": [3, 5, 3]},
			"faces": {
				"north": {"uv": [0, 0, 4, 16], "texture": "#reeds", "tintindex": 0},
				"east": {"uv": [1, 0, 3, 16], "texture": "#reeds", "tintindex": 0},
				"south": {"uv": [4, 0, 0, 16], "texture": "#reeds", "tintindex": 0},
				"west": {"uv": [1, 0, 3, 16], "texture": "#reeds", "tintindex": 0},
				"up": {"uv": [6, 6, 8, 8], "rotation": 90, "texture": "#cactus"}
			}
		},
		{
			"name": "leaves",
			"from": [13, 0, 1],
			"to": [13, 16, 5],
			"shade": true,
			"rotation": {"angle": 0, "axis": "y", "origin": [8, 8, 9]},
			"faces": {
				"north": {"uv": [5, 0, 7, 16], "texture": "#reeds", "tintindex": 0},
				"east": {"uv": [8, 0, 4, 16], "texture": "#reeds", "tintindex": 0},
				"south": {"uv": [5, 0, 7, 16], "texture": "#reeds", "tintindex": 0},
				"west": {"uv": [4, 0, 8, 16], "texture": "#reeds", "tintindex": 0},
				"up": {"uv": [6, 6, 8, 8], "texture": "#cactus", "cullface": "up"}
			}
		},
		{
			"name": "leaves",
			"from": [11, 0, 3],
			"to": [15, 16, 3],
			"shade": true,
			"rotation": {"angle": 0, "axis": "y", "origin": [13, 8, 3]},
			"faces": {
				"north": {"uv": [8, 0, 4, 16], "texture": "#reeds", "tintindex": 0},
				"east": {"uv": [5, 0, 7, 16], "texture": "#reeds", "tintindex": 0},
				"south": {"uv": [4, 0, 8, 16], "texture": "#reeds", "tintindex": 0},
				"west": {"uv": [5, 0, 7, 16], "texture": "#reeds", "tintindex": 0},
				"up": {"uv": [6, 6, 8, 8], "rotation": 270, "texture": "#cactus", "cullface": "up"}
			}
		},
		{
			"name": "leaves",
			"from": [13, -2, 6],
			"to": [13, 14, 10],
			"shade": true,
			"rotation": {"angle": 0, "axis": "y", "origin": [7, 8, 8]},
			"faces": {
				"north": {"uv": [12, 0, 16, 16], "texture": "#reeds", "tintindex": 0},
				"east": {"uv": [16, 0, 12, 16], "texture": "#reeds", "tintindex": 0},
				"south": {"uv": [12, 0, 16, 16], "texture": "#reeds", "tintindex": 0},
				"west": {"uv": [12, 0, 16, 16], "texture": "#reeds", "tintindex": 0},
				"up": {"uv": [12, 0, 16, 16], "texture": "#reeds", "tintindex": 0},
				"down": {"uv": [12, 0, 16, 16], "texture": "#reeds", "tintindex": 0}
			}
		},
		{
			"name": "leaves",
			"from": [11, -2, 8],
			"to": [15, 14, 8],
			"shade": true,
			"rotation": {"angle": 0, "axis": "y", "origin": [13, 6, 8]},
			"faces": {
				"north": {"uv": [16, 0, 12, 16], "texture": "#reeds", "tintindex": 0},
				"east": {"uv": [12, 0, 16, 16], "texture": "#reeds", "tintindex": 0},
				"south": {"uv": [12, 0, 16, 16], "texture": "#reeds", "tintindex": 0},
				"west": {"uv": [12, 0, 16, 16], "texture": "#reeds", "tintindex": 0},
				"up": {"uv": [12, 0, 16, 16], "rotation": 270, "texture": "#reeds", "tintindex": 0},
				"down": {"uv": [12, 0, 16, 16], "rotation": 90, "texture": "#reeds", "tintindex": 0}
			}
		},
		{
			"name": "leaves",
			"from": [11, -1, 11],
			"to": [11, 15, 15],
			"shade": true,
			"faces": {
				"north": {"uv": [0, 0, 4, 16], "texture": "#reeds", "tintindex": 0},
				"east": {"uv": [4, 0, 0, 16], "texture": "#reeds", "tintindex": 0},
				"south": {"uv": [0, 0, 4, 16], "texture": "#reeds", "tintindex": 0},
				"west": {"uv": [0, 0, 4, 16], "texture": "#reeds", "tintindex": 0},
				"up": {"uv": [0, 0, 4, 16], "texture": "#reeds", "tintindex": 0},
				"down": {"uv": [0, 0, 4, 16], "texture": "#reeds", "tintindex": 0}
			}
		},
		{
			"name": "leaves",
			"from": [9, -1, 13],
			"to": [13, 15, 13],
			"shade": true,
			"rotation": {"angle": 0, "axis": "y", "origin": [11, 7, 13]},
			"faces": {
				"north": {"uv": [4, 0, 0, 16], "texture": "#reeds", "tintindex": 0},
				"east": {"uv": [0, 0, 4, 16], "texture": "#reeds", "tintindex": 0},
				"south": {"uv": [0, 0, 4, 16], "texture": "#reeds", "tintindex": 0},
				"west": {"uv": [0, 0, 4, 16], "texture": "#reeds", "tintindex": 0},
				"up": {"uv": [0, 0, 4, 16], "rotation": 270, "texture": "#reeds", "tintindex": 0},
				"down": {"uv": [0, 0, 4, 16], "rotation": 90, "texture": "#reeds", "tintindex": 0}
			}
		},
		{
			"name": "leaves",
			"from": [7, -5, 6],
			"to": [7, 11, 10],
			"shade": true,
			"faces": {
				"north": {"uv": [8, 0, 12, 16], "texture": "#reeds", "tintindex": 0},
				"east": {"uv": [12, 0, 8, 16], "texture": "#reeds", "tintindex": 0},
				"south": {"uv": [8, 0, 12, 16], "texture": "#reeds", "tintindex": 0},
				"west": {"uv": [8, 0, 12, 16], "texture": "#reeds", "tintindex": 0},
				"up": {"uv": [8, 0, 12, 16], "texture": "#reeds", "tintindex": 0},
				"down": {"uv": [8, 0, 12, 16], "texture": "#reeds", "tintindex": 0}
			}
		},
		{
			"name": "leaves",
			"from": [5, -5, 8],
			"to": [9, 11, 8],
			"shade": true,
			"rotation": {"angle": 0, "axis": "y", "origin": [7, 3, 8]},
			"faces": {
				"north": {"uv": [12, 0, 8, 16], "texture": "#reeds", "tintindex": 0},
				"east": {"uv": [8, 0, 12, 16], "texture": "#reeds", "tintindex": 0},
				"south": {"uv": [8, 0, 12, 16], "texture": "#reeds", "tintindex": 0},
				"west": {"uv": [8, 0, 12, 16], "texture": "#reeds", "tintindex": 0},
				"up": {"uv": [8, 0, 12, 16], "rotation": 270, "texture": "#reeds", "tintindex": 0},
				"down": {"uv": [8, 0, 12, 16], "rotation": 90, "texture": "#reeds", "tintindex": 0}
			}
		},
		{
			"name": "leaves",
			"from": [4, 0, 11],
			"to": [4, 16, 15],
			"shade": true,
			"rotation": {"angle": 0, "axis": "y", "origin": [4, 8, 13]},
			"faces": {
				"north": {"uv": [4, 0, 8, 16], "texture": "#reeds", "tintindex": 0},
				"east": {"uv": [8, 0, 4, 16], "texture": "#reeds", "tintindex": 0},
				"south": {"uv": [4, 0, 8, 16], "texture": "#reeds", "tintindex": 0},
				"west": {"uv": [4, 0, 8, 16], "texture": "#reeds", "tintindex": 0},
				"up": {"uv": [4, 0, 8, 16], "texture": "#reeds", "tintindex": 0},
				"down": {"uv": [4, 0, 8, 16], "texture": "#reeds", "tintindex": 0}
			}
		},
		{
			"name": "leaves",
			"from": [2, 0, 13],
			"to": [6, 16, 13],
			"shade": true,
			"rotation": {"angle": 0, "axis": "y", "origin": [4, 8, 13]},
			"faces": {
				"north": {"uv": [8, 0, 4, 16], "texture": "#reeds", "tintindex": 0},
				"east": {"uv": [4, 0, 8, 16], "texture": "#reeds", "tintindex": 0},
				"south": {"uv": [4, 0, 8, 16], "texture": "#reeds", "tintindex": 0},
				"west": {"uv": [4, 0, 8, 16], "texture": "#reeds", "tintindex": 0},
				"up": {"uv": [4, 0, 8, 16], "rotation": 270, "texture": "#reeds", "tintindex": 0},
				"down": {"uv": [4, 0, 8, 16], "rotation": 90, "texture": "#reeds", "tintindex": 0}
			}
		}
	],
	"groups": [
		{
			"name": "cane",
			"origin": [8, 8, 7],
			"children": [0, 1, 2, 3, 4, 5,
				{
					"name": "leaves",
					"origin": [8, 8, 8],
					"children": [6, 7, 8, 9, 10, 11, 12, 13, 14, 15, 16, 17]
				}
			]
		}
	]
}