{
    "ambientocclusion": false,
    "textures": {
        "particle": "block/iron_bars",
        "bars": "block/iron_bars",
        "edge": "block/iron_bars"
    },
    "elements": [
        {
            "from": [
                6.9688,
                0,
                6.9688
            ],
            "to": [
                9.0313,
                16,
                9.0313
            ],
            "faces": {
                "north": {
                    "uv": [
                        4,
                        0,
                        2,
                        16
                    ],
                    "texture": "#bars"
                },
                "south": {
                    "uv": [
                        2,
                        0,
                        4,
                        16
                    ],
                    "texture": "#bars"
                },
                "west": {
                    "uv": [
                        9,
                        0,
                        7,
                        16
                    ],
                    "texture": "#bars"
                },
                "east": {
                    "uv": [
                        14,
                        0,
                        12,
                        16
                    ],
                    "texture": "#bars"
                }
            }
        }
    ]
}