{
	"textures": {
		"particle": "block/lily_pad",
		"waterlily": "block/lily_pad"
	},
	"elements": [
		{
			"from": [4, 0, 1],
			"to": [7, 1, 14],
			"rotation": {"angle": 0, "axis": "y", "origin": [12, 8, 9]},
			"faces": {
				"north": {"uv": [10, 1, 13, 2], "texture": "#waterlily", "tintindex": 0},
				"east": {"uv": [6, 1, 7, 15], "rotation": 90, "texture": "#waterlily", "tintindex": 0},
				"south": {"uv": [6, 14, 9, 15], "texture": "#waterlily", "tintindex": 0},
				"west": {"uv": [6, 14, 11, 15], "texture": "#waterlily", "tintindex": 0},
				"up": {"uv": [4, 1, 7, 14], "texture": "#waterlily", "tintindex": 0},
				"down": {"uv": [10, 1, 13, 14], "rotation": 180, "texture": "#waterlily", "cullface": "down", "tintindex": 0}
			}
		},
		{
			"from": [10, 0, 1],
			"to": [13, 1, 14],
			"rotation": {"angle": 0, "axis": "y", "origin": [18, 8, 9]},
			"faces": {
				"north": {"uv": [4, 1, 7, 2], "texture": "#waterlily", "tintindex": 0},
				"east": {"uv": [6, 14, 11, 15], "texture": "#waterlily", "tintindex": 0},
				"south": {"uv": [7, 14, 10, 15], "texture": "#waterlily", "tintindex": 0},
				"west": {"uv": [10, 1, 11, 15], "rotation": 270, "texture": "#waterlily", "tintindex": 0},
				"up": {"uv": [10, 1, 13, 14], "texture": "#waterlily", "tintindex": 0},
				"down": {"uv": [4, 1, 7, 14], "rotation": 180, "texture": "#waterlily", "cullface": "down", "tintindex": 0}
			}
		},
		{
			"from": [3, 0, 2],
			"to": [4, 1, 13],
			"rotation": {"angle": 0, "axis": "y", "origin": [11, 8, 10]},
			"faces": {
				"north": {"uv": [3, 2, 4, 3], "texture": "#waterlily", "tintindex": 0},
				"south": {"uv": [7, 14, 8, 15], "texture": "#waterlily", "tintindex": 0},
				"west": {"uv": [6, 14, 11, 15], "texture": "#waterlily", "tintindex": 0},
				"up": {"uv": [3, 2, 4, 13], "texture": "#waterlily", "tintindex": 0},
				"down": {"uv": [13, 2, 14, 13], "rotation": 180, "texture": "#waterlily", "cullface": "down", "tintindex": 0}
			}
		},
		{
			"from": [13, 0, 2],
			"to": [14, 1, 13],
			"rotation": {"angle": 0, "axis": "y", "origin": [21, 8, 10]},
			"faces": {
				"north": {"uv": [8, 14, 9, 15], "texture": "#waterlily", "tintindex": 0},
				"east": {"uv": [6, 14, 11, 15], "texture": "#waterlily", "tintindex": 0},
				"south": {"uv": [8, 14, 9, 15], "texture": "#waterlily", "tintindex": 0},
				"up": {"uv": [13, 2, 14, 13], "texture": "#waterlily", "tintindex": 0},
				"down": {"uv": [3, 2, 4, 13], "rotation": 180, "texture": "#waterlily", "cullface": "down", "tintindex": 0}
			}
		},
		{
			"from": [2, 0, 5],
			"to": [15, 1, 11],
			"rotation": {"angle": 0, "axis": "y", "origin": [10, 8, 12]},
			"faces": {
				"north": {"uv": [8, 5, 9, 6], "texture": "#waterlily", "tintindex": 0},
				"east": {"uv": [6, 14, 11, 15], "texture": "#waterlily", "tintindex": 0},
				"south": {"uv": [6, 14, 11, 15], "texture": "#waterlily", "tintindex": 0},
				"west": {"uv": [2, 4, 3, 11], "texture": "#waterlily", "tintindex": 0},
				"up": {"uv": [2, 5, 15, 11], "texture": "#waterlily", "tintindex": 0},
				"down": {"uv": [2, 5, 15, 11], "rotation": 180, "texture": "#waterlily", "cullface": "down", "tintindex": 0}
			}
		},
		{
			"from": [7, 0, 3],
			"to": [8, 1, 5],
			"rotation": {"angle": 0, "axis": "y", "origin": [15, 8, 11]},
			"faces": {
				"north": {"uv": [7, 3, 8, 4], "texture": "#waterlily", "tintindex": 0},
				"east": {"uv": [5, 1, 7, 2], "texture": "#waterlily", "tintindex": 0},
				"up": {"uv": [7, 3, 8, 5], "texture": "#waterlily", "tintindex": 0},
				"down": {"uv": [9, 3, 10, 5], "rotation": 180, "texture": "#waterlily", "cullface": "down", "tintindex": 0}
			}
		},
		{
			"from": [9, 0, 3],
			"to": [10, 1, 5],
			"rotation": {"angle": 0, "axis": "y", "origin": [17, 8, 11]},
			"faces": {
				"north": {"uv": [6, 1, 7, 2], "texture": "#waterlily", "tintindex": 0},
				"west": {"uv": [10, 1, 12, 2], "texture": "#waterlily", "tintindex": 0},
				"up": {"uv": [9, 3, 10, 5], "texture": "#waterlily", "tintindex": 0},
				"down": {"uv": [7, 3, 8, 5], "rotation": 180, "texture": "#waterlily", "cullface": "down", "tintindex": 0}
			}
		},
		{
			"from": [2, 0, 4],
			"to": [3, 1, 5],
			"rotation": {"angle": 0, "axis": "y", "origin": [10, 8, 12]},
			"faces": {
				"north": {"uv": [2, 4, 3, 5], "texture": "#waterlily", "tintindex": 0},
				"west": {"uv": [2, 4, 3, 5], "texture": "#waterlily", "tintindex": 0},
				"up": {"uv": [2, 4, 3, 5], "texture": "#waterlily", "tintindex": 0},
				"down": {"uv": [2, 4, 3, 5], "texture": "#waterlily", "cullface": "down", "tintindex": 0}
			}
		},
		{
			"from": [14, 0, 4],
			"to": [15, 1, 5],
			"rotation": {"angle": 0, "axis": "y", "origin": [22, 8, 12]},
			"faces": {
				"north": {"uv": [8, 14, 9, 15], "texture": "#waterlily", "tintindex": 0},
				"east": {"uv": [8, 14, 9, 15], "texture": "#waterlily", "tintindex": 0},
				"up": {"uv": [14, 4, 15, 5], "texture": "#waterlily", "tintindex": 0},
				"down": {"uv": [2, 4, 3, 5], "texture": "#waterlily", "cullface": "down", "tintindex": 0}
			}
		},
		{
			"from": [6, 0, 11],
			"to": [11, 1, 15],
			"rotation": {"angle": 0, "axis": "y", "origin": [14, 8, 22]},
			"faces": {
				"east": {"uv": [7, 14, 11, 15], "texture": "#waterlily", "tintindex": 0},
				"south": {"uv": [6, 14, 11, 15], "texture": "#waterlily", "tintindex": 0},
				"west": {"uv": [6, 14, 10, 15], "texture": "#waterlily", "tintindex": 0},
				"up": {"uv": [6, 11, 11, 15], "texture": "#waterlily", "tintindex": 0},
				"down": {"uv": [6, 11, 11, 15], "rotation": 180, "texture": "#waterlily", "cullface": "down", "tintindex": 0}
			}
		}
	]
}